{"name":"testDevice","layers":[{"features":{"4f0875c1-ff98-45ad-99d6-a893ec439e00":{"set":"Fluigi","name":"flowChannel5_c0","id":"4f0875c1-ff98-45ad-99d6-a893ec439e00","type":"Channel","params":{"sourceYPos":821,"sourceXPos":945,"targetYPos":821,"channelWidth":37,"targetXPos":1021}},"6b52b6e8-dd9d-45d0-888f-0e1d61c80a86":{"set":"Fluigi","name":"flowChannel2_c1","id":"6b52b6e8-dd9d-45d0-888f-0e1d61c80a86","type":"Channel","params":{"sourceYPos":828,"sourceXPos":721,"targetYPos":821,"channelWidth":37,"targetXPos":721}},"48749f81-3175-4483-a492-009559541735":{"set":"Fluigi","name":"flowInPort0","id":"48749f81-3175-4483-a492-009559541735","type":"Port","params":{"portRadius":"101","yPos":"110","xPos":"352"}},"9b8b481a-37d8-488f-9913-0515f3cd7d73":{"set":"Fluigi","name":"flowChannel1","id":"9b8b481a-37d8-488f-9913-0515f3cd7d73","type":"Channel","params":{"sourceYPos":586,"sourceXPos":312,"targetYPos":586,"channelWidth":37,"targetXPos":671}},"70953b54-ebd8-4272-816c-4de71024bb36":{"set":"Fluigi","name":"flowChannel2_n0","id":"70953b54-ebd8-4272-816c-4de71024bb36","type":"Node","params":{"yPos":"828","xPos":"721"}},"8dfaff6f-4648-440a-9286-98cefa25b627":{"set":"Fluigi","name":"flowChannel4","id":"8dfaff6f-4648-440a-9286-98cefa25b627","type":"Channel","params":{"sourceYPos":398,"sourceXPos":945,"targetYPos":398,"channelWidth":37,"targetXPos":1059}},"d1236a1c-8908-47f3-b6c3-3ccbc8a1b8dc":{"set":"Fluigi","name":"flowInPort2","id":"d1236a1c-8908-47f3-b6c3-3ccbc8a1b8dc","type":"Port","params":{"portRadius":"101","yPos":"727","xPos":"352"}},"6225a358-9a8a-4db3-963b-23c5a8ae7de3":{"set":"Fluigi","name":"flowChannel5_n0","id":"6225a358-9a8a-4db3-963b-23c5a8ae7de3","type":"Node","params":{"yPos":"821","xPos":"1021"}},"41d6b98c-6b4f-4d9c-8788-30a79f2b5340":{"set":"Fluigi","name":"flowChannel5_c1","id":"41d6b98c-6b4f-4d9c-8788-30a79f2b5340","type":"Channel","params":{"sourceYPos":821,"sourceXPos":1021,"targetYPos":773,"channelWidth":37,"targetXPos":1021}},"629328c2-603a-46f5-b864-89882e1d29d7":{"set":"Fluigi","name":"flowChannel2_c0","id":"629328c2-603a-46f5-b864-89882e1d29d7","type":"Channel","params":{"sourceYPos":828,"sourceXPos":554,"targetYPos":828,"channelWidth":37,"targetXPos":721}},"eb35e38e-e47c-40a4-ac22-3b0d2b42947b":{"set":"Fluigi","name":"fDevice0_YMixer","id":"eb35e38e-e47c-40a4-ac22-3b0d2b42947b","type":"Mux","params":{"yPos":"187","xPos":"671"}},"ab757009-0843-418e-b215-9e835da069dd":{"set":"Fluigi","name":"fDevice1_YMixer","id":"ab757009-0843-418e-b215-9e835da069dd","type":"Mux","params":{"yPos":"374","xPos":"1059"}},"4e0f68b4-9ca8-4f91-b724-fb724ac78439":{"set":"Fluigi","name":"flowChannel5_c2","id":"4e0f68b4-9ca8-4f91-b724-fb724ac78439","type":"Channel","params":{"sourceYPos":773,"sourceXPos":1021,"targetYPos":773,"channelWidth":37,"targetXPos":1059}},"1fa2d7e8-5c0e-4861-aa66-06433960c777":{"set":"Fluigi","name":"outPort0","id":"1fa2d7e8-5c0e-4861-aa66-06433960c777","type":"Port","params":{"portRadius":"101","yPos":"484","xPos":"1772"}},"4bac5bbc-bafa-432e-a2d6-089802842dc4":{"set":"Fluigi","name":"flowChannel5_n1","id":"4bac5bbc-bafa-432e-a2d6-089802842dc4","type":"Node","params":{"yPos":"773","xPos":"1021"}},"63174415-fb63-4847-a7a3-a61c0ed39bc5":{"set":"Fluigi","name":"flowChannel0","id":"63174415-fb63-4847-a7a3-a61c0ed39bc5","type":"Channel","params":{"sourceYPos":211,"sourceXPos":554,"targetYPos":211,"channelWidth":37,"targetXPos":671}},"fca151c1-704a-4903-b340-2e44c4b11022":{"set":"Fluigi","name":"flowChannel2_c2","id":"fca151c1-704a-4903-b340-2e44c4b11022","type":"Channel","params":{"sourceYPos":821,"sourceXPos":721,"targetYPos":821,"channelWidth":37,"targetXPos":759}},"1eda4942-4737-4d15-8f13-21b102a85437":{"set":"Fluigi","name":"flowInPort1","id":"1eda4942-4737-4d15-8f13-21b102a85437","type":"Port","params":{"portRadius":"101","yPos":"485","xPos":"110"}},"050dc96c-fd41-4e2c-bf14-08fa7c4ddbff":{"set":"Fluigi","name":"cDevice0_3DValve","id":"050dc96c-fd41-4e2c-bf14-08fa7c4ddbff","type":"Valve3D","params":{"valveRadius":"93","yPos":"728","xPos":"759","gap":"30","direction":"H"}},"68e3c974-5303-40ba-b36f-4af21a807504":{"set":"Fluigi","name":"flowChannel2_n1","id":"68e3c974-5303-40ba-b36f-4af21a807504","type":"Node","params":{"yPos":"821","xPos":"721"}},"52d05579-c5aa-40c7-9a2f-58719afff416":{"set":"Fluigi","name":"flowChannel3","id":"52d05579-c5aa-40c7-9a2f-58719afff416","type":"Channel","params":{"sourceYPos":585,"sourceXPos":1333,"targetYPos":585,"channelWidth":37,"targetXPos":1772}}},"color":"indigo","name":"flow","type":"flow","params":{"flip":false,"z_offset":0}},{"features":{},"color":"indigo","name":"cells","type":"flow","params":{"flip":false,"z_offset":0}},{"features":{"68156db5-7633-4311-89a4-bff88ed261fa":{"set":"Fluigi","name":"cDevice0_3DValve","id":"68156db5-7633-4311-89a4-bff88ed261fa","type":"Valve3D","params":{"valveRadius":"93","yPos":"728","xPos":"759","gap":"30","direction":"H"}},"823dc8ad-015a-48d4-8bf0-85f9e301d9f1":{"set":"Fluigi","name":"controlInPort0","id":"823dc8ad-015a-48d4-8bf0-85f9e301d9f1","type":"Port","params":{"portRadius":"101","yPos":"1331","xPos":"751"}},"c9941a04-b2f8-47fb-b6ef-ca7ec40692c2":{"set":"Fluigi","name":"controlChannel0","id":"c9941a04-b2f8-47fb-b6ef-ca7ec40692c2","type":"Channel","params":{"sourceYPos":1331,"sourceXPos":852,"targetYPos":914,"channelWidth":37,"targetXPos":852}}},"color":"red","name":"control","type":"control","params":{"flip":false,"z_offset":0}}],"params":{"width":1984,"lambda":20,"height":1543}}